PE, Cluster
7.597388076389820810e+01,9.866720336329889562e+01
