PE, Cluster
4.968469072856567692e+01,9.516973030994230953e+01
