PE, Cluster
5.712688402880272065e+01,9.676640279082248242e+01
